class,image,iou,dice,precision,recall
RO,d_r_122_,0.740290,0.850766,0.999218,0.740719
RO,d_r_129_,1.000000,1.000000,1.000000,1.000000
RO,d_r_144_,1.000000,1.000000,1.000000,1.000000
RO,d_r_166_,1.000000,1.000000,1.000000,1.000000
RO,d_r_182_,1.000000,1.000000,1.000000,1.000000
RO,d_r_196_,0.537534,0.699215,0.998599,0.537939
RO,d_r_233_,1.000000,1.000000,1.000000,1.000000
RO,d_r_277_,0.767878,0.868700,0.961477,0.792253
RO,d_r_300_,0.151747,0.263507,0.999405,0.151760
RO,d_r_345_,1.000000,1.000000,1.000000,1.000000
RO,d_r_379_,1.000000,1.000000,1.000000,1.000000
RO,d_r_384_,0.624193,0.768619,0.999717,0.624303
RO,d_r_386_,0.468034,0.637634,1.000000,0.468034
RO,d_r_465_,0.822807,0.902791,0.954047,0.856763
RO,d_r_47_,0.805390,0.892206,0.993432,0.809701
RO,d_r_547_,1.000000,1.000000,1.000000,1.000000
RO,d_r_552_,1.000000,1.000000,1.000000,1.000000
RO,d_r_58_,1.000000,1.000000,1.000000,1.000000
RO,d_r_598_,1.000000,1.000000,1.000000,1.000000
RO,d_r_602_,0.251984,0.402536,1.000000,0.251984
RO,d_r_635_,1.000000,1.000000,1.000000,1.000000
RO,d_r_801_,1.000000,1.000000,1.000000,1.000000
RO,d_r_84_,1.000000,1.000000,1.000000,1.000000
RO,f_r_1033_,1.000000,1.000000,1.000000,1.000000
RO,f_r_1059_,1.000000,1.000000,1.000000,1.000000
RO,f_r_106_,1.000000,1.000000,1.000000,1.000000
RO,f_r_1079_,1.000000,1.000000,1.000000,1.000000
RO,f_r_1165_,1.000000,1.000000,1.000000,1.000000
RO,f_r_1199_,1.000000,1.000000,1.000000,1.000000
RO,f_r_1220_,1.000000,1.000000,1.000000,1.000000
RO,f_r_1229_,1.000000,1.000000,1.000000,1.000000
RO,f_r_1276_,1.000000,1.000000,1.000000,1.000000
RO,f_r_1282_,1.000000,1.000000,1.000000,1.000000
RO,f_r_1298_,1.000000,1.000000,1.000000,1.000000
RO,f_r_1303_,1.000000,1.000000,1.000000,1.000000
RO,f_r_1319_,1.000000,1.000000,1.000000,1.000000
RO,f_r_1340_,1.000000,1.000000,1.000000,1.000000
RO,f_r_13_,1.000000,1.000000,1.000000,1.000000
RO,f_r_1410_,1.000000,1.000000,1.000000,1.000000
RO,f_r_1428_,1.000000,1.000000,1.000000,1.000000
RO,f_r_1435_,1.000000,1.000000,1.000000,1.000000
RO,f_r_1440_,1.000000,1.000000,1.000000,1.000000
RO,f_r_1450_,1.000000,1.000000,1.000000,1.000000
RO,f_r_1452_,1.000000,1.000000,1.000000,1.000000
RO,f_r_1461_,1.000000,1.000000,1.000000,1.000000
RO,f_r_1467_,1.000000,1.000000,1.000000,1.000000
RO,f_r_1471_,1.000000,1.000000,1.000000,1.000000
RO,f_r_1478_,1.000000,1.000000,1.000000,1.000000
RO,f_r_1644_,1.000000,1.000000,1.000000,1.000000
RO,f_r_1737_,1.000000,1.000000,1.000000,1.000000
RO,f_r_1782_,1.000000,1.000000,1.000000,1.000000
RO,f_r_1800_,1.000000,1.000000,1.000000,1.000000
RO,f_r_1892_,1.000000,1.000000,1.000000,1.000000
RO,f_r_1920_,1.000000,1.000000,1.000000,1.000000
RO,f_r_1931_,1.000000,1.000000,1.000000,1.000000
RO,f_r_1948_,1.000000,1.000000,1.000000,1.000000
RO,f_r_1965_,1.000000,1.000000,1.000000,1.000000
RO,f_r_1992_,1.000000,1.000000,1.000000,1.000000
RO,f_r_2052_,1.000000,1.000000,1.000000,1.000000
RO,f_r_209_,1.000000,1.000000,1.000000,1.000000
RO,f_r_214_,1.000000,1.000000,1.000000,1.000000
RO,f_r_246_,1.000000,1.000000,1.000000,1.000000
RO,f_r_24_,1.000000,1.000000,1.000000,1.000000
RO,f_r_263_,1.000000,1.000000,1.000000,1.000000
RO,f_r_329_,1.000000,1.000000,1.000000,1.000000
RO,f_r_392_,1.000000,1.000000,1.000000,1.000000
RO,f_r_403_,1.000000,1.000000,1.000000,1.000000
RO,f_r_446_,1.000000,1.000000,1.000000,1.000000
RO,f_r_478_,1.000000,1.000000,1.000000,1.000000
RO,f_r_54_,1.000000,1.000000,1.000000,1.000000
RO,f_r_604_,1.000000,1.000000,1.000000,1.000000
RO,f_r_644_,1.000000,1.000000,1.000000,1.000000
RO,f_r_721_,1.000000,1.000000,1.000000,1.000000
RO,f_r_93_,1.000000,1.000000,1.000000,1.000000
RO,n_l_0_,1.000000,1.000000,1.000000,1.000000
RO,n_l_100_,1.000000,1.000000,1.000000,1.000000
RO,n_l_102_,1.000000,1.000000,1.000000,1.000000
RO,n_l_12_,1.000000,1.000000,1.000000,1.000000
RO,n_l_15_,1.000000,1.000000,1.000000,1.000000
RO,n_l_18_,1.000000,1.000000,1.000000,1.000000
RO,n_l_26_,1.000000,1.000000,1.000000,1.000000
RO,n_l_29_,0.476918,0.645829,0.999644,0.476999
RO,n_l_3_,1.000000,1.000000,1.000000,1.000000
RO,n_l_44_,0.864127,0.927112,0.996690,0.866613
RO,n_l_48_,1.000000,1.000000,1.000000,1.000000
RO,n_l_52_,0.942856,0.970588,0.998419,0.944266
RO,n_l_79_,1.000000,1.000000,1.000000,1.000000
RO,n_l_84_,1.000000,1.000000,1.000000,1.000000
RO,n_l_87_,1.000000,1.000000,1.000000,1.000000
RO,w_r_101_,1.000000,1.000000,1.000000,1.000000
RO,w_r_109_,1.000000,1.000000,1.000000,1.000000
RO,w_r_10_,1.000000,1.000000,1.000000,1.000000
RO,w_r_111_,1.000000,1.000000,1.000000,1.000000
RO,w_r_116_,1.000000,1.000000,1.000000,1.000000
RO,w_r_147_,1.000000,1.000000,1.000000,1.000000
RO,w_r_14_,1.000000,1.000000,1.000000,1.000000
RO,w_r_150_,1.000000,1.000000,1.000000,1.000000
RO,w_r_157_,1.000000,1.000000,1.000000,1.000000
RO,w_r_199_,1.000000,1.000000,1.000000,1.000000
RO,w_r_201_,1.000000,1.000000,1.000000,1.000000
RO,w_r_217_,1.000000,1.000000,1.000000,1.000000
RO,w_r_22_,1.000000,1.000000,1.000000,1.000000
RO,w_r_30_,1.000000,1.000000,1.000000,1.000000
RO,w_r_3_,0.000000,0.000000,0.000000,1.000000
RO,w_r_43_,1.000000,1.000000,1.000000,1.000000
RO,w_r_4_,1.000000,1.000000,1.000000,1.000000
RO,w_r_50_,1.000000,1.000000,1.000000,1.000000
RO,w_r_59_,1.000000,1.000000,1.000000,1.000000
RO,w_r_6_,1.000000,1.000000,1.000000,1.000000
RO,w_r_84_,1.000000,1.000000,1.000000,1.000000
FV,d_r_122_,1.000000,1.000000,1.000000,1.000000
FV,d_r_129_,0.608805,0.756841,0.788274,0.727820
FV,d_r_144_,0.765146,0.866949,0.961466,0.789352
FV,d_r_166_,0.845775,0.916445,0.921951,0.911004
FV,d_r_182_,0.793281,0.884726,0.932657,0.841480
FV,d_r_196_,1.000000,1.000000,1.000000,1.000000
FV,d_r_233_,0.000000,0.000000,0.000000,1.000000
FV,d_r_277_,1.000000,1.000000,1.000000,1.000000
FV,d_r_300_,1.000000,1.000000,1.000000,1.000000
FV,d_r_345_,0.000000,0.000000,0.000000,1.000000
FV,d_r_379_,0.000000,0.000000,0.000000,1.000000
FV,d_r_384_,0.000000,0.000000,0.000000,1.000000
FV,d_r_386_,0.000000,0.000000,0.000000,1.000000
FV,d_r_465_,1.000000,1.000000,1.000000,1.000000
FV,d_r_47_,1.000000,1.000000,1.000000,1.000000
FV,d_r_547_,0.000000,0.000000,0.000000,1.000000
FV,d_r_552_,1.000000,1.000000,1.000000,1.000000
FV,d_r_58_,1.000000,1.000000,1.000000,1.000000
FV,d_r_598_,0.746713,0.854992,0.983705,0.756065
FV,d_r_602_,0.000000,0.000000,0.000000,1.000000
FV,d_r_635_,1.000000,1.000000,1.000000,1.000000
FV,d_r_801_,0.000000,0.000000,0.000000,1.000000
FV,d_r_84_,0.000000,0.000000,0.000000,1.000000
FV,f_r_1033_,0.843973,0.915386,0.942942,0.889394
FV,f_r_1059_,0.795653,0.886199,0.839264,0.938696
FV,f_r_106_,0.840947,0.913602,0.936197,0.892073
FV,f_r_1079_,0.834338,0.909689,0.966806,0.858944
FV,f_r_1165_,0.877055,0.934501,0.944397,0.924811
FV,f_r_1199_,0.890338,0.941988,0.919096,0.966050
FV,f_r_1220_,0.949815,0.974261,0.962047,0.986790
FV,f_r_1229_,0.886760,0.939982,0.940379,0.939585
FV,f_r_1276_,0.669374,0.801946,0.692284,0.952891
FV,f_r_1282_,0.905249,0.950268,0.970366,0.930986
FV,f_r_1298_,0.115875,0.207684,0.167267,0.273857
FV,f_r_1303_,0.894703,0.944426,0.941062,0.947814
FV,f_r_1319_,0.951111,0.974943,0.984657,0.965418
FV,f_r_1340_,0.895646,0.944951,0.985398,0.907693
FV,f_r_13_,0.707583,0.828754,0.997816,0.708680
FV,f_r_1410_,0.380654,0.551412,0.763598,0.431506
FV,f_r_1428_,0.875039,0.933356,0.934721,0.931994
FV,f_r_1435_,0.922777,0.959838,0.935952,0.984975
FV,f_r_1440_,0.522826,0.686652,0.546215,0.924297
FV,f_r_1450_,0.000000,0.000000,0.000000,1.000000
FV,f_r_1452_,0.950381,0.974559,0.986183,0.963207
FV,f_r_1461_,0.914642,0.955418,0.983089,0.929262
FV,f_r_1467_,0.802476,0.890415,0.923423,0.859685
FV,f_r_1471_,0.979118,0.989449,0.995661,0.983313
FV,f_r_1478_,0.662254,0.796815,0.816986,0.777615
FV,f_r_1644_,0.828795,0.906384,0.862935,0.954440
FV,f_r_1737_,0.859058,0.924186,0.952555,0.897458
FV,f_r_1782_,0.927533,0.962405,0.968637,0.956252
FV,f_r_1800_,0.460269,0.630389,0.875316,0.492563
FV,f_r_1892_,0.117775,0.210732,0.972973,0.118162
FV,f_r_1920_,0.934808,0.966306,0.956445,0.976372
FV,f_r_1931_,0.895894,0.945089,0.930413,0.960234
FV,f_r_1948_,0.703477,0.825930,0.801463,0.851939
FV,f_r_1965_,0.853879,0.921181,0.924234,0.918148
FV,f_r_1992_,1.000000,1.000000,1.000000,1.000000
FV,f_r_2052_,0.686601,0.814183,0.732986,0.915610
FV,f_r_209_,0.785427,0.879820,0.926576,0.837556
FV,f_r_214_,0.776706,0.874321,0.890412,0.858802
FV,f_r_246_,0.826777,0.905175,0.951635,0.863041
FV,f_r_24_,0.910512,0.953160,0.960737,0.945702
FV,f_r_263_,0.939041,0.968562,0.945254,0.993048
FV,f_r_329_,0.807034,0.893214,0.950802,0.842203
FV,f_r_392_,0.755287,0.860585,0.994457,0.758479
FV,f_r_403_,0.824464,0.903787,0.918236,0.889787
FV,f_r_446_,0.551293,0.710753,0.748165,0.676904
FV,f_r_478_,0.000000,0.000000,0.000000,1.000000
FV,f_r_54_,0.679995,0.809520,0.952243,0.704004
FV,f_r_604_,0.873882,0.932697,0.905699,0.961354
FV,f_r_644_,0.938393,0.968217,0.978073,0.958559
FV,f_r_721_,0.915128,0.955683,0.950387,0.961039
FV,f_r_93_,0.878708,0.935439,0.990962,0.885807
FV,n_l_0_,0.767271,0.868312,0.920391,0.821810
FV,n_l_100_,0.930870,0.964197,0.967144,0.961269
FV,n_l_102_,0.779450,0.876058,0.852423,0.901040
FV,n_l_12_,0.000000,0.000000,0.000000,1.000000
FV,n_l_15_,0.952787,0.975823,0.996693,0.955808
FV,n_l_18_,1.000000,1.000000,1.000000,1.000000
FV,n_l_26_,0.000000,0.000000,0.000000,1.000000
FV,n_l_29_,1.000000,1.000000,1.000000,1.000000
FV,n_l_3_,0.885890,0.939493,0.945176,0.933877
FV,n_l_44_,1.000000,1.000000,1.000000,1.000000
FV,n_l_48_,0.000000,0.000000,0.000000,1.000000
FV,n_l_52_,1.000000,1.000000,1.000000,1.000000
FV,n_l_79_,0.938729,0.968397,0.961047,0.975859
FV,n_l_84_,0.751307,0.857996,0.903601,0.816773
FV,n_l_87_,0.000000,0.000000,0.000000,1.000000
FV,w_r_101_,1.000000,1.000000,1.000000,1.000000
FV,w_r_109_,1.000000,1.000000,1.000000,1.000000
FV,w_r_10_,1.000000,1.000000,1.000000,1.000000
FV,w_r_111_,0.534690,0.696805,0.941982,0.552898
FV,w_r_116_,0.000000,0.000000,0.000000,1.000000
FV,w_r_147_,1.000000,1.000000,1.000000,1.000000
FV,w_r_14_,1.000000,1.000000,1.000000,1.000000
FV,w_r_150_,1.000000,1.000000,1.000000,1.000000
FV,w_r_157_,1.000000,1.000000,1.000000,1.000000
FV,w_r_199_,0.000000,0.000000,0.000000,1.000000
FV,w_r_201_,0.787287,0.880985,0.806370,0.970818
FV,w_r_217_,1.000000,1.000000,1.000000,1.000000
FV,w_r_22_,0.169406,0.289730,0.174214,0.859914
FV,w_r_30_,0.895074,0.944632,0.910763,0.981118
FV,w_r_3_,0.553756,0.712796,0.828194,0.625624
FV,w_r_43_,0.000000,0.000000,0.000000,1.000000
FV,w_r_4_,1.000000,1.000000,1.000000,1.000000
FV,w_r_50_,1.000000,1.000000,1.000000,1.000000
FV,w_r_59_,1.000000,1.000000,1.000000,1.000000
FV,w_r_6_,0.367697,0.537687,0.991597,0.368846
FV,w_r_84_,1.000000,1.000000,1.000000,1.000000
HD,d_r_122_,0.970139,0.984843,0.989404,0.980323
HD,d_r_129_,1.000000,1.000000,1.000000,1.000000
HD,d_r_144_,1.000000,1.000000,1.000000,1.000000
HD,d_r_166_,0.918510,0.957524,0.961481,0.953600
HD,d_r_182_,0.872005,0.931627,0.957451,0.907160
HD,d_r_196_,0.877653,0.934840,0.970310,0.901872
HD,d_r_233_,0.912458,0.954226,0.927265,0.982801
HD,d_r_277_,0.874271,0.932918,0.955438,0.911435
HD,d_r_300_,0.000000,0.000000,0.000000,1.000000
HD,d_r_345_,0.888137,0.940755,0.915105,0.967885
HD,d_r_379_,0.601806,0.751410,0.965349,0.615093
HD,d_r_384_,0.000000,0.000000,0.000000,1.000000
HD,d_r_386_,0.919434,0.958026,0.979478,0.937494
HD,d_r_465_,0.916993,0.956699,0.971966,0.941904
HD,d_r_47_,0.880359,0.936373,0.983515,0.893544
HD,d_r_547_,0.844289,0.915571,0.979926,0.859148
HD,d_r_552_,0.945218,0.971838,0.960234,0.983725
HD,d_r_58_,0.889186,0.941343,0.970552,0.913841
HD,d_r_598_,0.934955,0.966384,0.984434,0.948984
HD,d_r_602_,0.941624,0.969935,0.983814,0.956442
HD,d_r_635_,0.908986,0.952323,0.974016,0.931575
HD,d_r_801_,0.913708,0.954909,0.982964,0.928410
HD,d_r_84_,0.847590,0.917509,0.992064,0.853376
HD,f_r_1033_,1.000000,1.000000,1.000000,1.000000
HD,f_r_1059_,0.472714,0.641963,0.940120,0.487388
HD,f_r_106_,1.000000,1.000000,1.000000,1.000000
HD,f_r_1079_,1.000000,1.000000,1.000000,1.000000
HD,f_r_1165_,1.000000,1.000000,1.000000,1.000000
HD,f_r_1199_,1.000000,1.000000,1.000000,1.000000
HD,f_r_1220_,1.000000,1.000000,1.000000,1.000000
HD,f_r_1229_,1.000000,1.000000,1.000000,1.000000
HD,f_r_1276_,1.000000,1.000000,1.000000,1.000000
HD,f_r_1282_,1.000000,1.000000,1.000000,1.000000
HD,f_r_1298_,1.000000,1.000000,1.000000,1.000000
HD,f_r_1303_,1.000000,1.000000,1.000000,1.000000
HD,f_r_1319_,1.000000,1.000000,1.000000,1.000000
HD,f_r_1340_,0.794188,0.885289,0.919499,0.853534
HD,f_r_13_,1.000000,1.000000,1.000000,1.000000
HD,f_r_1410_,0.000000,0.000000,0.000000,1.000000
HD,f_r_1428_,1.000000,1.000000,1.000000,1.000000
HD,f_r_1435_,1.000000,1.000000,1.000000,1.000000
HD,f_r_1440_,1.000000,1.000000,1.000000,1.000000
HD,f_r_1450_,0.000000,0.000000,0.000000,1.000000
HD,f_r_1452_,0.000000,0.000000,0.000000,1.000000
HD,f_r_1461_,0.000000,0.000000,0.000000,1.000000
HD,f_r_1467_,1.000000,1.000000,1.000000,1.000000
HD,f_r_1471_,1.000000,1.000000,1.000000,1.000000
HD,f_r_1478_,1.000000,1.000000,1.000000,1.000000
HD,f_r_1644_,1.000000,1.000000,1.000000,1.000000
HD,f_r_1737_,1.000000,1.000000,1.000000,1.000000
HD,f_r_1782_,1.000000,1.000000,1.000000,1.000000
HD,f_r_1800_,0.806367,0.892805,0.913008,0.873477
HD,f_r_1892_,1.000000,1.000000,1.000000,1.000000
HD,f_r_1920_,1.000000,1.000000,1.000000,1.000000
HD,f_r_1931_,1.000000,1.000000,1.000000,1.000000
HD,f_r_1948_,1.000000,1.000000,1.000000,1.000000
HD,f_r_1965_,1.000000,1.000000,1.000000,1.000000
HD,f_r_1992_,1.000000,1.000000,1.000000,1.000000
HD,f_r_2052_,0.856456,0.922678,0.980103,0.871611
HD,f_r_209_,0.000000,0.000000,0.000000,1.000000
HD,f_r_214_,1.000000,1.000000,1.000000,1.000000
HD,f_r_246_,1.000000,1.000000,1.000000,1.000000
HD,f_r_24_,0.000000,0.000000,0.000000,1.000000
HD,f_r_263_,1.000000,1.000000,1.000000,1.000000
HD,f_r_329_,0.859725,0.924572,0.944296,0.905655
HD,f_r_392_,1.000000,1.000000,1.000000,1.000000
HD,f_r_403_,1.000000,1.000000,1.000000,1.000000
HD,f_r_446_,1.000000,1.000000,1.000000,1.000000
HD,f_r_478_,0.000000,0.000000,0.000000,1.000000
HD,f_r_54_,1.000000,1.000000,1.000000,1.000000
HD,f_r_604_,1.000000,1.000000,1.000000,1.000000
HD,f_r_644_,1.000000,1.000000,1.000000,1.000000
HD,f_r_721_,1.000000,1.000000,1.000000,1.000000
HD,f_r_93_,1.000000,1.000000,1.000000,1.000000
HD,n_l_0_,1.000000,1.000000,1.000000,1.000000
HD,n_l_100_,1.000000,1.000000,1.000000,1.000000
HD,n_l_102_,1.000000,1.000000,1.000000,1.000000
HD,n_l_12_,0.904886,0.950068,0.941929,0.958349
HD,n_l_15_,1.000000,1.000000,1.000000,1.000000
HD,n_l_18_,0.835306,0.910263,0.866243,0.958997
HD,n_l_26_,0.879662,0.935979,0.930586,0.941435
HD,n_l_29_,0.869208,0.930028,0.936556,0.923591
HD,n_l_3_,1.000000,1.000000,1.000000,1.000000
HD,n_l_44_,1.000000,1.000000,1.000000,1.000000
HD,n_l_48_,0.857972,0.923557,0.980709,0.872700
HD,n_l_52_,0.951672,0.975238,0.993730,0.957421
HD,n_l_79_,1.000000,1.000000,1.000000,1.000000
HD,n_l_84_,1.000000,1.000000,1.000000,1.000000
HD,n_l_87_,0.818036,0.899912,0.888009,0.912138
HD,w_r_101_,0.000000,0.000000,0.000000,1.000000
HD,w_r_109_,0.919723,0.958183,0.967985,0.948578
HD,w_r_10_,0.645053,0.784234,0.922909,0.681789
HD,w_r_111_,0.882562,0.937618,0.972256,0.905364
HD,w_r_116_,0.664491,0.798431,0.964015,0.681392
HD,w_r_147_,0.844798,0.915871,0.956639,0.878436
HD,w_r_14_,1.000000,1.000000,1.000000,1.000000
HD,w_r_150_,0.402260,0.573731,0.876825,0.426353
HD,w_r_157_,1.000000,1.000000,1.000000,1.000000
HD,w_r_199_,0.679832,0.809405,0.906951,0.730804
HD,w_r_201_,1.000000,1.000000,1.000000,1.000000
HD,w_r_217_,1.000000,1.000000,1.000000,1.000000
HD,w_r_22_,0.812082,0.896297,0.975030,0.829330
HD,w_r_30_,1.000000,1.000000,1.000000,1.000000
HD,w_r_3_,0.000000,0.000000,0.000000,1.000000
HD,w_r_43_,1.000000,1.000000,1.000000,1.000000
HD,w_r_4_,0.605490,0.754274,0.669840,0.863064
HD,w_r_50_,1.000000,1.000000,1.000000,1.000000
HD,w_r_59_,0.895193,0.944698,0.932328,0.957401
HD,w_r_6_,1.000000,1.000000,1.000000,1.000000
HD,w_r_84_,0.006861,0.013629,0.333333,0.006957
RI,d_r_122_,0.000000,0.000000,0.000000,1.000000
RI,d_r_129_,0.862930,0.926422,0.946447,0.907228
RI,d_r_144_,0.963976,0.981658,0.977138,0.986219
RI,d_r_166_,1.000000,1.000000,1.000000,1.000000
RI,d_r_182_,0.900974,0.947908,0.936372,0.959731
RI,d_r_196_,0.000000,0.000000,0.000000,1.000000
RI,d_r_233_,0.956701,0.977871,0.995580,0.960782
RI,d_r_277_,0.943709,0.971039,0.997031,0.946368
RI,d_r_300_,0.000000,0.000000,0.000000,1.000000
RI,d_r_345_,0.885794,0.939439,0.955698,0.923724
RI,d_r_379_,1.000000,1.000000,1.000000,1.000000
RI,d_r_384_,0.000000,0.000000,0.000000,1.000000
RI,d_r_386_,0.000000,0.000000,0.000000,1.000000
RI,d_r_465_,0.959792,0.979484,0.990576,0.968637
RI,d_r_47_,0.957877,0.978485,0.996790,0.960841
RI,d_r_547_,0.921629,0.959216,0.981028,0.938353
RI,d_r_552_,0.000000,0.000000,0.000000,1.000000
RI,d_r_58_,0.885121,0.939060,0.898767,0.983136
RI,d_r_598_,0.958213,0.978661,0.987383,0.970092
RI,d_r_602_,0.000000,0.000000,0.000000,1.000000
RI,d_r_635_,0.978084,0.988921,0.997361,0.980622
RI,d_r_801_,0.792104,0.883993,0.861751,0.907413
RI,d_r_84_,0.932943,0.965308,0.991918,0.940089
RI,f_r_1033_,0.926413,0.961801,0.954841,0.968863
RI,f_r_1059_,0.799729,0.888722,0.958306,0.828558
RI,f_r_106_,0.859967,0.924712,0.980202,0.875168
RI,f_r_1079_,0.951858,0.975335,0.985216,0.965651
RI,f_r_1165_,0.202596,0.336931,0.211375,0.829866
RI,f_r_1199_,0.000000,0.000000,0.000000,1.000000
RI,f_r_1220_,0.000000,0.000000,0.000000,1.000000
RI,f_r_1229_,1.000000,1.000000,1.000000,1.000000
RI,f_r_1276_,0.901289,0.948082,0.977129,0.920712
RI,f_r_1282_,0.925362,0.961234,0.969615,0.952997
RI,f_r_1298_,0.949300,0.973991,0.978241,0.969777
RI,f_r_1303_,1.000000,1.000000,1.000000,1.000000
RI,f_r_1319_,1.000000,1.000000,1.000000,1.000000
RI,f_r_1340_,0.900733,0.947774,0.977732,0.919598
RI,f_r_13_,0.935117,0.966471,0.965488,0.967455
RI,f_r_1410_,0.924949,0.961011,0.943781,0.978883
RI,f_r_1428_,0.951818,0.975314,0.981159,0.969539
RI,f_r_1435_,0.000000,0.000000,0.000000,1.000000
RI,f_r_1440_,0.972702,0.986162,0.992566,0.979841
RI,f_r_1450_,0.000000,0.000000,0.000000,1.000000
RI,f_r_1452_,0.000000,0.000000,0.000000,1.000000
RI,f_r_1461_,1.000000,1.000000,1.000000,1.000000
RI,f_r_1467_,1.000000,1.000000,1.000000,1.000000
RI,f_r_1471_,1.000000,1.000000,1.000000,1.000000
RI,f_r_1478_,0.000000,0.000000,0.000000,1.000000
RI,f_r_1644_,0.000000,0.000000,0.000000,1.000000
RI,f_r_1737_,0.849904,0.918863,0.969098,0.873579
RI,f_r_1782_,1.000000,1.000000,1.000000,1.000000
RI,f_r_1800_,0.956223,0.977622,0.977262,0.977982
RI,f_r_1892_,0.979911,0.989854,0.991207,0.988504
RI,f_r_1920_,0.000000,0.000000,0.000000,1.000000
RI,f_r_1931_,0.000000,0.000000,0.000000,1.000000
RI,f_r_1948_,0.823484,0.903198,0.949526,0.861181
RI,f_r_1965_,0.718239,0.836018,0.985194,0.726076
RI,f_r_1992_,0.000000,0.000000,0.000000,1.000000
RI,f_r_2052_,0.811673,0.896048,0.992598,0.816616
RI,f_r_209_,0.973533,0.986589,0.990073,0.983129
RI,f_r_214_,1.000000,1.000000,1.000000,1.000000
RI,f_r_246_,0.000000,0.000000,0.000000,1.000000
RI,f_r_24_,0.000000,0.000000,0.000000,1.000000
RI,f_r_263_,1.000000,1.000000,1.000000,1.000000
RI,f_r_329_,0.839884,0.912975,0.995657,0.842972
RI,f_r_392_,0.000000,0.000000,0.000000,1.000000
RI,f_r_403_,1.000000,1.000000,1.000000,1.000000
RI,f_r_446_,0.800688,0.889313,0.829053,0.959021
RI,f_r_478_,0.952801,0.975830,0.994706,0.957658
RI,f_r_54_,0.969849,0.984694,0.982729,0.986666
RI,f_r_604_,0.959221,0.979186,0.978242,0.980133
RI,f_r_644_,0.000000,0.000000,0.000000,1.000000
RI,f_r_721_,0.000000,0.000000,0.000000,1.000000
RI,f_r_93_,0.946651,0.972594,0.992408,0.953557
RI,n_l_0_,0.951266,0.975024,0.984633,0.965602
RI,n_l_100_,0.978868,0.989321,0.996676,0.982074
RI,n_l_102_,0.912646,0.954328,0.969021,0.940075
RI,n_l_12_,0.327096,0.492950,0.998751,0.327230
RI,n_l_15_,0.936852,0.967396,0.956076,0.978988
RI,n_l_18_,1.000000,1.000000,1.000000,1.000000
RI,n_l_26_,0.000000,0.000000,0.000000,1.000000
RI,n_l_29_,0.000000,0.000000,0.000000,1.000000
RI,n_l_3_,0.793577,0.884910,0.888893,0.880963
RI,n_l_44_,0.924921,0.960996,0.994006,0.930108
RI,n_l_48_,0.552143,0.711459,0.999436,0.552315
RI,n_l_52_,1.000000,1.000000,1.000000,1.000000
RI,n_l_79_,0.000000,0.000000,0.000000,1.000000
RI,n_l_84_,0.957421,0.978247,0.991803,0.965057
RI,n_l_87_,0.600804,0.750628,0.852363,0.670588
RI,w_r_101_,0.000000,0.000000,0.000000,1.000000
RI,w_r_109_,0.000000,0.000000,0.000000,1.000000
RI,w_r_10_,1.000000,1.000000,1.000000,1.000000
RI,w_r_111_,0.000000,0.000000,0.000000,1.000000
RI,w_r_116_,1.000000,1.000000,1.000000,1.000000
RI,w_r_147_,0.909884,0.952816,0.938919,0.967131
RI,w_r_14_,0.000000,0.000000,0.000000,1.000000
RI,w_r_150_,0.000000,0.000000,0.000000,1.000000
RI,w_r_157_,0.000000,0.000000,0.000000,1.000000
RI,w_r_199_,0.801701,0.889938,0.894230,0.885686
RI,w_r_201_,0.952741,0.975799,0.972180,0.979444
RI,w_r_217_,0.000000,0.000000,0.000000,1.000000
RI,w_r_22_,0.000000,0.000000,0.000000,1.000000
RI,w_r_30_,0.000000,0.000000,0.000000,1.000000
RI,w_r_3_,0.872397,0.931850,0.958686,0.906476
RI,w_r_43_,0.778944,0.875737,0.804539,0.960761
RI,w_r_4_,0.275611,0.432124,0.549842,0.355924
RI,w_r_50_,0.000000,0.000000,0.000000,1.000000
RI,w_r_59_,1.000000,1.000000,1.000000,1.000000
RI,w_r_6_,0.722353,0.838798,0.930959,0.763240
RI,w_r_84_,0.315532,0.479703,0.325706,0.909919
WR,d_r_122_,1.000000,1.000000,1.000000,1.000000
WR,d_r_129_,1.000000,1.000000,1.000000,1.000000
WR,d_r_144_,1.000000,1.000000,1.000000,1.000000
WR,d_r_166_,1.000000,1.000000,1.000000,1.000000
WR,d_r_182_,1.000000,1.000000,1.000000,1.000000
WR,d_r_196_,1.000000,1.000000,1.000000,1.000000
WR,d_r_233_,1.000000,1.000000,1.000000,1.000000
WR,d_r_277_,1.000000,1.000000,1.000000,1.000000
WR,d_r_300_,1.000000,1.000000,1.000000,1.000000
WR,d_r_345_,1.000000,1.000000,1.000000,1.000000
WR,d_r_379_,1.000000,1.000000,1.000000,1.000000
WR,d_r_384_,0.000000,0.000000,0.000000,1.000000
WR,d_r_386_,1.000000,1.000000,1.000000,1.000000
WR,d_r_465_,1.000000,1.000000,1.000000,1.000000
WR,d_r_47_,0.000000,0.000000,0.000000,1.000000
WR,d_r_547_,1.000000,1.000000,1.000000,1.000000
WR,d_r_552_,1.000000,1.000000,1.000000,1.000000
WR,d_r_58_,1.000000,1.000000,1.000000,1.000000
WR,d_r_598_,1.000000,1.000000,1.000000,1.000000
WR,d_r_602_,1.000000,1.000000,1.000000,1.000000
WR,d_r_635_,1.000000,1.000000,1.000000,1.000000
WR,d_r_801_,1.000000,1.000000,1.000000,1.000000
WR,d_r_84_,1.000000,1.000000,1.000000,1.000000
WR,f_r_1033_,1.000000,1.000000,1.000000,1.000000
WR,f_r_1059_,1.000000,1.000000,1.000000,1.000000
WR,f_r_106_,1.000000,1.000000,1.000000,1.000000
WR,f_r_1079_,1.000000,1.000000,1.000000,1.000000
WR,f_r_1165_,1.000000,1.000000,1.000000,1.000000
WR,f_r_1199_,1.000000,1.000000,1.000000,1.000000
WR,f_r_1220_,1.000000,1.000000,1.000000,1.000000
WR,f_r_1229_,1.000000,1.000000,1.000000,1.000000
WR,f_r_1276_,0.000000,0.000000,0.000000,1.000000
WR,f_r_1282_,1.000000,1.000000,1.000000,1.000000
WR,f_r_1298_,0.000000,0.000000,0.000000,1.000000
WR,f_r_1303_,1.000000,1.000000,1.000000,1.000000
WR,f_r_1319_,1.000000,1.000000,1.000000,1.000000
WR,f_r_1340_,1.000000,1.000000,1.000000,1.000000
WR,f_r_13_,0.000000,0.000000,0.000000,1.000000
WR,f_r_1410_,1.000000,1.000000,1.000000,1.000000
WR,f_r_1428_,1.000000,1.000000,1.000000,1.000000
WR,f_r_1435_,1.000000,1.000000,1.000000,1.000000
WR,f_r_1440_,0.000000,0.000000,0.000000,1.000000
WR,f_r_1450_,0.000000,0.000000,0.000000,1.000000
WR,f_r_1452_,1.000000,1.000000,1.000000,1.000000
WR,f_r_1461_,1.000000,1.000000,1.000000,1.000000
WR,f_r_1467_,1.000000,1.000000,1.000000,1.000000
WR,f_r_1471_,1.000000,1.000000,1.000000,1.000000
WR,f_r_1478_,0.000000,0.000000,0.000000,1.000000
WR,f_r_1644_,0.000000,0.000000,0.000000,1.000000
WR,f_r_1737_,1.000000,1.000000,1.000000,1.000000
WR,f_r_1782_,1.000000,1.000000,1.000000,1.000000
WR,f_r_1800_,1.000000,1.000000,1.000000,1.000000
WR,f_r_1892_,1.000000,1.000000,1.000000,1.000000
WR,f_r_1920_,1.000000,1.000000,1.000000,1.000000
WR,f_r_1931_,1.000000,1.000000,1.000000,1.000000
WR,f_r_1948_,0.000000,0.000000,0.000000,1.000000
WR,f_r_1965_,1.000000,1.000000,1.000000,1.000000
WR,f_r_1992_,0.927534,0.962405,0.992375,0.934192
WR,f_r_2052_,0.000000,0.000000,0.000000,1.000000
WR,f_r_209_,0.000000,0.000000,0.000000,1.000000
WR,f_r_214_,1.000000,1.000000,1.000000,1.000000
WR,f_r_246_,1.000000,1.000000,1.000000,1.000000
WR,f_r_24_,1.000000,1.000000,1.000000,1.000000
WR,f_r_263_,1.000000,1.000000,1.000000,1.000000
WR,f_r_329_,1.000000,1.000000,1.000000,1.000000
WR,f_r_392_,1.000000,1.000000,1.000000,1.000000
WR,f_r_403_,1.000000,1.000000,1.000000,1.000000
WR,f_r_446_,1.000000,1.000000,1.000000,1.000000
WR,f_r_478_,1.000000,1.000000,1.000000,1.000000
WR,f_r_54_,1.000000,1.000000,1.000000,1.000000
WR,f_r_604_,0.000000,0.000000,0.000000,1.000000
WR,f_r_644_,1.000000,1.000000,1.000000,1.000000
WR,f_r_721_,1.000000,1.000000,1.000000,1.000000
WR,f_r_93_,1.000000,1.000000,1.000000,1.000000
WR,n_l_0_,1.000000,1.000000,1.000000,1.000000
WR,n_l_100_,1.000000,1.000000,1.000000,1.000000
WR,n_l_102_,1.000000,1.000000,1.000000,1.000000
WR,n_l_12_,0.428956,0.600377,0.441108,0.939654
WR,n_l_15_,1.000000,1.000000,1.000000,1.000000
WR,n_l_18_,0.869234,0.930043,0.999745,0.869426
WR,n_l_26_,0.915658,0.955972,0.939827,0.972682
WR,n_l_29_,1.000000,1.000000,1.000000,1.000000
WR,n_l_3_,1.000000,1.000000,1.000000,1.000000
WR,n_l_44_,1.000000,1.000000,1.000000,1.000000
WR,n_l_48_,1.000000,1.000000,1.000000,1.000000
WR,n_l_52_,1.000000,1.000000,1.000000,1.000000
WR,n_l_79_,0.298263,0.459480,0.311322,0.876705
WR,n_l_84_,0.000000,0.000000,0.000000,1.000000
WR,n_l_87_,0.934329,0.966050,0.976253,0.956057
WR,w_r_101_,0.744887,0.853794,0.997994,0.746004
WR,w_r_109_,0.847453,0.917429,0.991441,0.853699
WR,w_r_10_,0.797728,0.887485,0.999735,0.797897
WR,w_r_111_,0.858881,0.924084,0.911543,0.936975
WR,w_r_116_,0.895216,0.944711,0.993618,0.900393
WR,w_r_147_,0.920016,0.958342,0.997804,0.921882
WR,w_r_14_,0.892561,0.943231,0.998330,0.893895
WR,w_r_150_,0.428663,0.600090,0.998505,0.428938
WR,w_r_157_,0.731298,0.844798,0.999191,0.731732
WR,w_r_199_,0.853685,0.921068,0.997934,0.855197
WR,w_r_201_,0.550909,0.710434,0.998584,0.551340
WR,w_r_217_,0.907323,0.951410,0.998242,0.908776
WR,w_r_22_,0.742546,0.852254,0.999988,0.742552
WR,w_r_30_,0.842456,0.914493,0.987220,0.851746
WR,w_r_3_,0.705808,0.827535,0.996995,0.707313
WR,w_r_43_,0.675619,0.806411,0.998067,0.676504
WR,w_r_4_,0.631674,0.774265,0.993891,0.634136
WR,w_r_50_,0.830987,0.907693,0.998059,0.832332
WR,w_r_59_,0.911578,0.953744,0.996835,0.914224
WR,w_r_6_,0.846665,0.916966,0.984802,0.857874
WR,w_r_84_,0.897255,0.945845,0.991078,0.904561
